시군구,행정동,합계,0~4세,5~9세,10~14세,15~19세,20~24세,25~29세,30~34세,35~39세,40~44세,45~49세,50~54세,55~59세,60~64세,65~69세,70~74세,75~79세,80~84세,85~89세,90~94세,95~99세,100세 이상
합계,소계,9331828,202897,280883,352036,368731,530569,777691,796699,645966,708639,675311,775758,710310,692690,633549,436781,336990,234945,120305,40067,9527,1484
종로구,소계,138336,2254,3257,4420,4958,8639,12324,11326,8428,9340,9147,11851,11525,11293,9723,6478,5389,4337,2500,884,222,41
종로구,청운효자동,11030,220,324,476,533,562,752,821,704,868,899,1008,887,760,663,477,420,340,219,78,16,3
종로구,사직동,8962,157,257,318,310,396,628,819,619,740,660,762,690,679,592,376,334,309,208,78,23,7
종로구,삼청동,2219,32,49,70,85,83,156,146,140,165,142,171,165,184,196,131,122,98,53,26,5,-
종로구,부암동,9051,125,245,368,401,478,566,665,538,659,675,833,787,725,664,412,372,272,174,63,27,2
종로구,평창동,17251,370,569,752,759,898,1011,1053,997,1240,1165,1527,1577,1526,1300,818,663,481,347,153,33,12
종로구,무악동,7839,188,310,468,451,417,376,388,427,597,648,818,590,617,486,351,268,248,136,42,10,3
종로구,교남동,9552,291,423,348,386,425,637,696,725,833,790,903,735,618,574,403,334,233,148,38,12,-
종로구,가회동,3778,55,97,146,157,157,217,275,238,290,298,359,313,304,242,190,176,147,78,29,9,1
종로구,종로1.2.3.4가동,6668,79,70,108,104,297,651,570,422,450,395,492,565,656,649,409,316,259,121,40,11,4
종로구,종로5.6가동,5294,52,87,88,101,356,720,614,333,291,280,381,433,453,352,237,228,176,78,27,7,-
종로구,이화동,7009,68,93,138,194,505,1040,797,462,426,367,499,503,517,413,325,259,220,129,44,10,-
종로구,혜화동,15822,188,283,493,664,2141,2125,1268,781,917,906,1263,1065,966,771,564,541,487,279,95,19,6
종로구,창신1동,4495,51,49,71,90,202,358,363,238,226,230,340,462,531,491,294,217,153,100,26,3,-
종로구,창신2동,7333,68,79,129,182,330,547,527,376,341,400,716,849,864,693,442,333,277,128,41,11,-
종로구,창신3동,6231,135,135,174,221,314,447,518,393,402,379,523,600,600,501,316,238,193,95,38,8,1
종로구,숭인1동,5728,76,91,157,170,280,431,445,356,374,391,551,506,553,463,298,247,196,96,34,12,1
종로구,숭인2동,10074,99,96,116,150,798,1662,1361,679,521,522,705,798,740,673,435,321,248,111,32,6,1
중구,소계,120544,2562,2754,2803,3080,6346,10431,12014,9582,8837,7579,9235,9345,9568,8841,6021,4824,3747,2027,728,198,22
중구,소공동,2163,59,72,82,63,68,135,228,227,296,226,171,144,104,112,63,46,39,19,6,3,-
중구,회현동,4301,73,76,97,99,156,258,302,246,236,252,379,374,454,456,320,214,156,95,39,17,2
중구,명동,2529,27,25,44,68,112,198,186,137,158,174,228,216,222,252,164,130,106,44,32,6,-
중구,필동,4341,62,67,94,101,362,458,491,388,295,246,287,290,279,328,197,142,134,71,34,13,2
중구,장충동,4546,56,71,102,168,661,555,423,244,268,232,291,289,272,279,195,176,145,83,27,8,1
중구,광희동,5727,58,58,81,96,396,750,801,485,382,290,352,377,420,411,295,209,160,76,22,8,-
중구,을지로동,3095,90,38,39,40,104,291,497,445,273,212,184,172,206,177,129,81,65,41,6,5,-
중구,신당동,7411,85,142,104,142,399,823,759,573,505,447,550,612,644,535,370,316,250,100,44,10,1
중구,다산동,13030,173,228,278,364,716,1207,1270,889,877,785,1098,1028,1078,1030,675,566,448,227,73,19,1
중구,약수동,15935,365,423,409,417,684,1006,1200,1119,1102,998,1275,1311,1381,1328,978,767,619,388,124,38,3
중구,청구동,12397,297,282,334,335,618,853,1152,983,790,725,991,1023,1055,951,659,552,431,259,85,20,2
중구,신당5동,10080,219,214,239,254,483,931,1063,789,708,661,814,855,830,692,461,386,281,141,45,13,1
중구,동화동,9828,236,326,328,354,507,553,687,619,692,637,817,932,905,804,472,377,314,183,68,16,1
중구,황학동,13101,303,289,213,227,604,1580,1923,1345,1074,783,868,846,844,759,539,423,286,121,62,10,2
중구,중림동,12060,459,443,359,352,476,833,1032,1093,1181,911,930,876,874,727,504,439,313,179,61,12,6
용산구,소계,203854,4732,5518,6154,6762,10635,17140,20582,16204,15751,13606,16844,15813,15219,13269,8647,6803,5367,3289,1187,280,52
용산구,후암동,15804,259,380,502,564,723,1357,1614,1207,1175,1033,1315,1231,1260,1082,753,546,427,268,78,22,8
용산구,용산2가동,8690,96,130,162,256,430,830,956,673,624,553,639,565,669,657,471,407,295,202,59,14,2
용산구,남영동,6739,52,66,82,118,243,518,646,423,366,403,681,722,814,641,357,266,190,105,35,7,4
용산구,청파동,18603,214,234,372,525,1622,2309,2152,1278,1064,1094,1479,1444,1370,1159,795,616,528,254,76,15,3
용산구,원효로1동,17020,516,541,481,455,859,1900,2497,1787,1494,1106,1196,1025,1009,814,514,371,248,139,61,6,1
용산구,원효로2동,13522,314,404,448,472,724,1088,1362,1024,997,895,1105,1098,1022,881,558,477,323,229,79,19,3
용산구,효창동,10484,301,366,317,323,606,894,1128,907,829,694,887,843,723,538,361,314,252,139,52,10,-
용산구,용문동,11161,276,276,282,350,538,976,1084,869,824,665,932,903,845,750,546,463,343,169,52,13,5
용산구,한강로동,20901,700,487,423,521,961,2059,2800,2094,1660,1176,1499,1676,1487,1253,762,545,413,261,98,23,3
용산구,이촌1동,24955,768,1314,1384,1211,1284,1234,1332,1656,2126,1963,2369,2038,1670,1493,915,745,696,493,205,51,8
용산구,이촌2동,7711,240,146,187,244,322,436,655,671,633,465,609,615,615,665,421,317,260,138,53,17,2
용산구,이태원1동,6030,89,110,96,140,237,547,712,463,430,359,424,466,537,461,313,254,193,125,58,14,2
용산구,이태원2동,8507,130,187,191,211,391,780,982,719,732,537,670,558,595,560,369,344,306,170,56,17,2
용산구,한남동,14073,434,442,439,448,596,920,1271,1240,1339,1053,1216,1038,967,924,629,473,363,182,76,22,1
용산구,서빙고동,12467,278,352,639,725,803,725,745,731,961,1146,1187,933,925,773,493,341,303,281,99,20,7
용산구,보광동,7187,65,83,149,199,296,567,646,462,497,464,636,658,711,618,390,324,227,134,50,10,1
성동구,소계,273669,7563,8411,8237,9094,16106,22847,24802,21622,21435,18319,22134,21318,20751,17867,11745,9348,7001,3634,1156,245,34
성동구,왕십리2동,15950,490,495,480,523,819,1273,1599,1317,1232,1037,1333,1242,1235,1015,682,519,380,192,70,14,3
성동구,왕십리도선동,26071,861,1055,878,766,1421,2350,2360,2117,2187,1681,2109,2111,1874,1498,984,755,607,336,100,20,1
성동구,마장동,21344,449,474,585,787,1746,2227,1858,1329,1292,1234,1649,1709,1705,1452,1012,805,601,311,96,22,1
성동구,사근동,11927,133,158,192,502,2553,2283,1130,532,522,503,676,625,531,465,328,337,281,141,28,7,-
성동구,행당1동,13736,372,425,471,516,879,1237,1303,1050,1050,956,1144,1011,961,806,525,440,347,171,51,14,7
성동구,행당2동,22620,687,811,858,983,1121,1339,1708,1761,1761,1719,2061,1868,1643,1424,975,870,593,308,102,22,6
성동구,응봉동,14723,372,529,715,722,744,856,1011,1027,1283,1218,1407,1155,1000,845,612,508,426,210,69,14,-
성동구,금호1가동,14580,489,542,516,495,625,818,1081,1201,1361,1112,1180,1099,1106,1045,715,525,363,215,79,12,1
성동구,금호2.3가동,21148,729,739,545,625,951,1319,1806,1937,1867,1517,1741,1626,1598,1404,949,784,601,285,100,20,5
성동구,금호4가동,14074,529,608,468,432,484,757,1120,1283,1414,1086,1144,976,1021,931,642,519,370,202,74,12,2
성동구,옥수동,25289,1078,1154,832,758,991,1277,2118,2493,2576,1859,1965,1781,1776,1663,1051,811,616,340,114,34,2
성동구,성수1가1동,15202,373,384,387,469,790,1290,1620,1294,1090,860,1255,1427,1354,1088,595,418,297,149,51,9,2
성동구,성수1가2동,11696,290,271,316,374,604,1052,1224,1082,844,816,945,855,866,802,501,383,278,145,38,10,-
성동구,성수2가1동,14158,255,253,332,376,600,1089,1316,1045,959,834,1157,1264,1559,1231,741,517,387,171,62,10,-
성동구,성수2가3동,9643,199,196,239,255,493,971,1112,725,699,592,733,743,764,649,453,352,268,154,37,7,2
성동구,송정동,9453,140,180,219,237,474,890,925,645,643,614,773,851,894,772,469,350,225,111,35,6,-
성동구,용답동,12055,117,137,204,274,811,1819,1511,784,655,681,862,975,864,777,511,455,361,193,50,12,2
광진구,소계,331963,5835,8263,10915,12071,21759,35128,32184,23170,23805,22724,26598,25665,24512,21517,14067,10657,7558,3911,1269,308,47
광진구,화양동,22880,136,142,186,415,4279,5725,3340,1515,1069,892,986,927,822,769,614,481,332,193,44,11,2
광진구,군자동,18729,233,343,437,474,1544,2555,2096,1335,1276,1095,1278,1272,1380,1179,791,636,502,219,68,11,5
광진구,중곡1동,15111,253,248,323,314,802,1872,1906,1194,1050,885,1085,1190,1141,1032,660,530,378,175,59,13,1
광진구,중곡2동,20172,284,477,578,618,1046,2123,2175,1453,1435,1252,1579,1650,1670,1407,947,727,470,205,60,16,-
광진구,중곡3동,15379,258,266,350,394,728,1481,1620,1120,984,965,1238,1339,1363,1202,743,631,438,203,42,14,-
광진구,중곡4동,27284,436,491,710,891,1379,2287,2374,1742,1705,1702,2289,2663,2594,2221,1480,1100,735,351,102,26,6
광진구,능동,10903,195,203,232,240,674,1479,1474,956,877,712,733,698,647,622,408,343,259,117,29,5,-
광진구,광장동,33788,661,1714,2714,2518,1933,1812,1561,1825,3105,3508,3556,2495,1987,1632,1029,640,539,373,135,47,4
광진구,자양1동,21762,267,382,579,738,1322,2578,2362,1524,1515,1504,1659,1705,1634,1433,914,729,560,257,74,25,1
광진구,자양2동,23381,514,607,782,832,1115,1954,2078,1749,1687,1691,1904,1917,1930,1756,1165,772,553,260,91,21,3
광진구,자양3동,27010,778,1017,1148,1201,1535,1870,1894,1928,2119,2008,2333,2162,2070,1852,1140,789,572,374,175,36,9
광진구,자양4동,19651,348,358,370,456,1048,2047,2082,1403,1338,1112,1531,1574,1700,1497,1065,793,543,266,94,23,3
광진구,구의1동,22961,347,429,519,643,1526,3168,2776,1771,1671,1479,1770,1673,1542,1318,820,681,486,246,76,16,4
광진구,구의2동,25295,479,731,931,1113,1305,1846,2012,1598,1926,1892,2221,2209,2026,1822,1155,959,611,338,100,13,8
광진구,구의3동,27657,646,855,1056,1224,1523,2331,2434,2057,2048,2027,2436,2191,2006,1775,1136,846,580,334,120,31,1
동대문구,소계,338735,7493,9681,10679,11591,25034,30509,27501,22644,24739,22514,26515,25399,25122,23500,16305,13056,9682,4849,1552,320,50
동대문구,용신동,38619,836,998,939,940,2612,4293,4082,3120,3023,2418,2933,2790,2764,2346,1587,1258,972,518,152,34,4
동대문구,제기동,22895,346,366,488,658,1938,2412,1793,1286,1260,1236,1664,1761,1842,1868,1336,1129,883,461,141,23,4
동대문구,전농1동,32864,827,1079,1047,1069,2253,2707,2568,2178,2512,2251,2775,2631,2541,2245,1444,1215,850,475,164,27,6
동대문구,전농2동,17664,386,528,714,763,922,990,1085,1033,1229,1325,1601,1484,1496,1371,969,754,592,314,86,19,3
동대문구,답십리1동,27835,950,1208,1051,870,1468,2273,2562,2375,2625,2007,2019,1942,1891,1645,1044,861,626,298,101,15,4
동대문구,답십리2동,27059,721,758,794,871,1240,1738,2216,2053,1928,1724,2179,2268,2344,2094,1518,1123,894,431,134,30,1
동대문구,장안1동,37110,846,1082,1251,1230,1715,2924,3228,2736,3045,2843,2986,2780,2940,2751,1891,1407,912,381,135,20,7
동대문구,장안2동,32917,995,1426,1494,1376,1540,2155,2420,2407,3022,2689,2651,2382,2290,2241,1500,1138,734,323,117,15,2
동대문구,청량리동,18473,232,322,400,477,900,1274,1190,965,1068,1004,1400,1556,1822,1951,1354,1064,850,422,171,47,4
동대문구,회기동,10229,109,173,298,379,1786,1587,949,546,561,566,662,533,500,458,345,303,265,143,49,14,3
동대문구,휘경1동,13427,273,336,321,443,1838,1791,1172,845,873,701,919,927,782,679,517,439,326,176,52,14,3
동대문구,휘경2동,24067,372,531,755,1077,2780,2902,1925,1257,1433,1524,1869,1677,1514,1461,1095,875,586,317,92,22,3
동대문구,이문1동,16546,204,309,407,629,2785,2183,1155,730,853,902,1171,1077,982,954,671,606,542,286,76,20,4
동대문구,이문2동,19030,396,565,720,809,1257,1280,1156,1113,1307,1324,1686,1591,1414,1436,1034,884,650,304,82,20,2
중랑구,소계,379274,7965,9828,11259,12009,18237,29309,32496,25766,27100,24710,30618,32741,33937,30245,20160,15074,10623,5121,1638,378,60
중랑구,면목2동,23237,342,499,622,676,1004,1708,1888,1483,1552,1560,1931,2297,2334,1935,1264,970,694,343,104,27,4
중랑구,면목4동,17900,339,441,533,540,809,1277,1293,1164,1315,1254,1532,1594,1551,1436,1041,877,604,215,64,18,3
중랑구,면목5동,14208,506,631,483,407,571,849,1087,1172,1353,960,1206,1152,1150,1042,636,473,327,152,38,13,-
중랑구,면목본동,32345,502,611,693,797,1597,2956,3189,2220,2142,1984,2774,3013,2940,2464,1697,1285,913,421,126,19,2
중랑구,면목7동,20974,477,491,480,531,946,1597,1807,1468,1436,1327,1657,1855,1947,1750,1270,921,619,263,109,22,1
중랑구,면목3.8동,23884,393,459,504,640,1178,1943,1950,1510,1561,1494,1967,2228,2279,2132,1379,1058,718,361,100,27,3
중랑구,상봉1동,22837,599,763,850,832,1117,1566,1865,1610,1705,1435,1821,1994,2104,1786,1048,813,560,271,77,20,1
중랑구,상봉2동,20842,401,253,306,383,1216,3093,3103,1830,1340,1119,1398,1474,1499,1223,843,622,457,203,64,10,5
중랑구,중화1동,18312,383,432,527,587,806,1334,1650,1302,1327,1166,1372,1491,1697,1575,1074,755,531,224,61,15,3
중랑구,중화2동,23461,357,410,442,499,1080,1960,2114,1487,1506,1404,1873,2275,2380,2071,1314,997,785,376,112,18,1
중랑구,묵1동,33310,579,1006,1384,1455,1962,2491,2534,2042,2432,2549,2954,2541,2635,2332,1676,1271,869,438,129,27,4
중랑구,묵2동,17921,320,411,462,546,905,1390,1467,1134,1284,1220,1520,1534,1595,1444,1090,718,543,249,70,16,3
중랑구,망우본동,38193,1276,1439,1087,1110,1638,2704,3533,3097,3090,2381,2780,2949,3263,2979,1845,1356,951,485,175,44,11
중랑구,망우3동,15396,213,282,364,457,721,1098,1097,847,989,909,1326,1600,1595,1441,908,701,485,231,104,26,2
중랑구,신내1동,37124,880,1164,1877,1844,1823,2201,2459,2149,2699,2629,2927,3129,3314,2897,1895,1456,996,538,189,48,10
중랑구,신내2동,19330,398,536,645,705,864,1142,1460,1251,1369,1319,1580,1615,1654,1738,1180,801,571,351,116,28,7
성북구,소계,421560,9246,13249,16128,17845,30939,32560,29408,26424,30677,30220,37584,33181,30746,27905,19120,15624,12010,6174,1974,481,65
성북구,성북동,15827,294,299,452,545,1036,1417,1475,1075,1067,1051,1419,1302,1182,985,684,592,507,302,102,35,6
성북구,삼선동,21913,291,435,642,906,1934,2193,1713,1337,1398,1448,2038,1749,1540,1352,890,857,685,373,99,28,5
성북구,동선동,14920,147,229,288,499,2450,2275,1432,990,880,820,1041,849,763,682,468,459,385,179,63,16,5
성북구,돈암1동,14033,312,319,452,540,866,937,981,872,894,850,1254,1267,1208,1123,758,600,447,256,79,16,2
성북구,돈암2동,23232,581,961,1240,1289,1320,1310,1318,1416,1805,1943,2357,1991,1711,1389,927,679,535,302,121,34,3
성북구,안암동,15250,148,220,232,519,2927,2700,1376,757,710,682,935,979,810,695,503,427,356,189,65,19,1
성북구,보문동,16019,395,489,453,505,1069,1477,1486,1276,1216,1049,1387,1295,1137,961,630,536,378,198,67,13,2
성북구,정릉1동,17617,475,663,774,820,1122,1042,1103,1169,1397,1355,1680,1269,1243,1109,825,690,529,250,86,16,-
성북구,정릉2동,22135,502,624,681,838,1333,1582,1511,1427,1535,1446,2034,1783,1823,1705,1182,903,719,365,108,31,3
성북구,정릉3동,14161,177,205,297,511,1940,1465,1024,678,708,710,1050,1054,1030,1058,736,628,507,272,81,28,2
성북구,정릉4동,23850,507,592,876,978,1548,1480,1487,1358,1647,1743,2228,2031,1929,1792,1288,1027,801,384,121,29,4
성북구,길음1동,35547,988,1824,2707,2388,2012,1539,1636,2143,3394,3701,3783,2388,1879,1744,1134,1007,768,364,119,25,4
성북구,길음2동,21394,739,1200,1020,1038,1220,1171,1211,1544,1972,1837,2072,1609,1389,1216,846,602,396,217,73,20,2
성북구,종암동,37051,761,1164,1555,1699,2532,2696,2343,2176,2703,2771,3330,2979,2750,2507,1632,1408,1080,664,235,57,9
성북구,월곡1동,25182,638,893,1124,1199,1318,1342,1594,1591,1974,1986,2273,1998,1879,1869,1251,998,777,353,101,20,4
성북구,월곡2동,18693,325,388,555,738,1573,1834,1447,1117,1163,1196,1512,1409,1426,1303,919,769,572,317,104,24,2
성북구,장위1동,23048,495,835,844,860,1258,1620,1636,1453,1699,1638,1984,2119,1994,1679,1132,785,624,293,85,15,-
성북구,장위2동,12856,200,230,338,371,639,1032,1043,774,782,787,1050,1106,1130,1078,838,665,475,223,80,13,2
성북구,장위3동,15384,559,841,694,576,966,899,1013,1200,1477,1099,1311,1245,1047,934,586,438,300,139,46,13,1
성북구,석관동,33448,712,838,904,1026,1876,2549,2579,2071,2256,2108,2846,2759,2876,2724,1891,1554,1169,534,139,29,8
강북구,소계,283597,4189,6365,8573,9832,15996,20206,19307,15295,18679,19268,25109,24624,24927,23150,16766,13953,10529,5030,1405,350,44
강북구,삼양동,23945,446,617,730,909,1344,1512,1550,1300,1683,1636,2230,2197,2119,1924,1364,1099,792,376,87,28,2
강북구,미아동,20556,197,301,464,596,1507,1864,1617,1080,1248,1257,1686,1765,1898,1702,1208,926,751,367,103,17,2
강북구,송중동,27896,521,632,823,942,1555,2009,1982,1642,1938,1910,2465,2352,2473,2245,1687,1247,918,411,115,26,3
강북구,송천동,23365,257,380,539,688,1127,1551,1519,1230,1421,1462,2024,2246,2373,2238,1516,1294,900,456,111,27,6
강북구,삼각산동,30257,784,1273,1861,1853,1738,1486,1404,1715,2510,2785,3258,2423,1978,1741,1257,978,707,365,116,24,1
강북구,번1동,16236,168,250,331,454,1092,1574,1387,991,1148,1119,1414,1340,1317,1161,860,769,527,254,56,20,4
강북구,번2동,14573,158,268,369,418,677,1007,946,610,882,980,1242,1247,1352,1349,992,958,716,294,91,14,3
강북구,번3동,16016,259,349,533,546,725,851,869,728,909,1032,1433,1278,1396,1359,1152,1204,923,339,98,29,4
강북구,수유1동,19584,245,403,529,638,1096,1546,1536,1094,1255,1270,1545,1711,1798,1663,1165,918,687,341,115,29,-
강북구,수유2동,20225,298,458,527,634,1089,1315,1301,1023,1226,1352,1744,1804,1879,1789,1269,1045,865,450,110,43,4
강북구,수유3동,22759,180,322,406,569,1701,2333,2040,1374,1396,1371,1927,1957,1935,1752,1234,1009,753,371,103,22,4
강북구,우이동,19604,306,445,566,625,1012,1229,1263,1020,1228,1274,1716,1776,1763,1688,1244,1016,858,417,122,31,5
강북구,인수동,28581,370,667,895,960,1333,1929,1893,1488,1835,1820,2425,2528,2646,2539,1818,1490,1132,589,178,40,6
도봉구,소계,303228,5191,7776,10248,11349,15635,20017,20270,17135,20367,20376,26503,26789,27423,26051,17381,13303,10013,5265,1676,399,61
도봉구,창1동,23739,402,624,920,939,1255,1625,1623,1485,1696,1717,2227,1998,1915,1846,1190,956,756,403,125,32,5
도봉구,창2동,27686,496,729,905,1008,1454,2016,2073,1712,1965,1894,2417,2434,2430,2141,1473,1111,826,454,119,26,3
도봉구,창3동,12912,142,306,413,457,621,807,774,647,846,951,1178,1245,1246,1094,785,605,521,204,61,6,3
도봉구,창4동,26295,563,768,1001,1225,1607,1828,1928,1573,1896,1886,2419,2290,2175,1949,1113,857,624,401,160,29,3
도봉구,창5동,23623,468,601,765,908,1347,1701,1845,1563,1570,1459,2062,2137,2052,1863,1232,863,649,385,116,30,7
도봉구,도봉1동,19603,204,320,457,475,793,1175,1144,867,1161,1185,1663,1765,1970,2011,1526,1323,942,447,139,33,3
도봉구,도봉2동,25994,621,733,638,756,1014,1553,1749,1587,1811,1582,1976,2117,2347,2548,1841,1403,973,536,150,51,8
도봉구,쌍문1동,20581,321,503,640,722,1249,1407,1312,1059,1250,1401,1847,1804,1843,1740,1164,965,812,400,108,29,5
도봉구,쌍문2동,17617,300,414,491,596,895,1137,1225,999,1242,1148,1489,1599,1611,1613,1027,786,553,328,129,31,4
도봉구,쌍문3동,16154,282,321,395,490,859,1369,1331,1015,1131,1041,1325,1373,1382,1258,915,742,578,259,70,14,4
도봉구,쌍문4동,17866,323,546,873,914,955,1049,1099,1020,1262,1293,1602,1523,1653,1505,890,553,447,247,87,24,1
도봉구,방학1동,27240,386,667,926,1049,1450,1844,1695,1343,1727,1829,2436,2548,2583,2379,1584,1290,908,438,120,32,6
도봉구,방학2동,18085,229,344,544,599,863,1129,1069,873,1055,1145,1628,1811,1789,1708,1190,913,748,332,96,20,-
도봉구,방학3동,25833,454,900,1280,1211,1273,1377,1403,1392,1755,1845,2234,2145,2427,2396,1451,936,676,431,196,42,9
노원구,소계,491247,10042,14450,20858,24558,32128,32019,32074,28724,34670,37231,45518,40312,38196,35126,23896,17946,13125,7157,2542,579,96
노원구,월계1동,20318,383,428,624,837,1963,1578,1273,1062,1257,1459,1705,1579,1555,1534,1118,920,605,328,86,20,4
노원구,월계2동,25179,551,712,847,987,1268,1345,1414,1358,1767,1846,2163,2118,2202,2269,1683,1163,855,401,187,35,8
노원구,월계3동,28257,771,828,884,922,1295,1708,2156,2084,2170,1828,2281,2201,2258,2310,1678,1289,906,478,166,39,5
노원구,공릉1동,35551,530,768,1050,1304,3286,3320,2713,2140,2435,2348,2687,2741,2769,2684,1946,1251,945,443,153,29,9
노원구,공릉2동,41322,1143,1595,1908,2142,3857,2991,2789,2726,3233,3137,3555,2920,2761,2471,1582,1141,766,431,139,33,2
노원구,하계1동,25747,322,489,903,1753,2685,1895,1457,1151,1330,1744,2530,2215,2140,1820,1195,886,652,397,145,30,8
노원구,하계2동,20868,394,741,1110,1266,1213,1223,1240,1186,1523,1768,2035,1747,1684,1289,826,697,489,320,94,23,-
노원구,중계본동,22606,260,823,1947,2172,1583,1241,881,765,1622,2443,2698,1881,1541,1065,599,435,353,200,77,18,2
노원구,중계1동,26153,318,1320,2688,2486,1564,1084,795,1003,2488,3120,3164,1793,1415,1154,628,467,367,205,83,8,3
노원구,중계4동,18863,266,551,832,1042,1114,1060,934,833,1210,1498,1985,1662,1498,1309,1008,919,658,326,118,37,3
노원구,중계2.3동,31733,598,789,1104,1378,1673,1791,2067,1833,2078,2346,3011,2492,2480,2496,1829,1591,1218,663,239,52,5
노원구,상계1동,36418,634,1015,1253,1564,2003,2363,2281,2055,2441,2394,3282,3325,3393,3146,2016,1424,1043,554,170,56,6
노원구,상계2동,18837,270,349,623,885,1302,1468,1228,920,1087,1307,1835,1821,1758,1444,951,671,524,263,101,25,5
노원구,상계3.4동,27152,502,842,968,1088,1449,1543,1379,1399,1808,1864,2534,2450,2431,2312,1605,1282,1012,518,142,17,7
노원구,상계5동,22578,311,430,690,911,1228,1502,1452,1128,1264,1538,2151,2154,2081,1870,1328,1070,832,433,153,43,9
노원구,상계6.7동,31000,801,919,1169,1331,1674,2205,2563,2268,2255,2272,2866,2583,2365,2054,1332,971,688,444,179,54,7
노원구,상계8동,21533,1051,750,877,779,971,1274,2621,2179,1899,1566,1620,1451,1117,1218,818,584,390,247,103,15,3
노원구,상계9동,19223,407,521,719,910,1060,1219,1351,1284,1393,1424,1800,1687,1423,1434,991,678,488,280,121,29,4
노원구,상계10동,17909,530,580,662,801,940,1209,1480,1350,1410,1329,1616,1492,1325,1247,763,507,334,226,86,16,6
은평구,소계,460919,9289,12767,16268,18031,24243,35043,36889,29432,33951,33276,40570,37028,36344,33113,22963,18502,13534,7049,2095,463,69
은평구,녹번동,35578,881,1001,1064,1005,1692,2579,3064,2491,2768,2449,2964,2820,2862,2586,1887,1539,1124,581,175,43,3
은평구,불광1동,37311,772,890,1121,1174,1802,2876,3015,2387,2522,2526,3167,3148,3238,2875,1934,1628,1270,696,220,45,5
은평구,불광2동,26566,301,423,594,770,1353,2310,2312,1491,1672,1632,2206,2360,2438,2217,1590,1275,1002,471,118,27,4
은평구,갈현1동,14180,149,259,423,481,770,1230,1225,831,920,923,1281,1154,1208,1165,766,644,446,216,71,15,3
은평구,갈현2동,27308,312,615,928,1190,1582,2239,2045,1550,1845,1994,2556,2392,2263,1996,1335,1142,773,419,107,24,1
은평구,구산동,31045,413,718,1077,1335,1748,2254,2167,1598,2111,2161,2949,2727,2783,2415,1674,1299,944,499,136,34,3
은평구,대조동,27248,388,435,606,730,1588,3264,3333,1876,1735,1675,2052,1987,1990,1766,1245,1149,844,448,109,23,5
은평구,응암1동,32175,847,1125,1216,1295,1714,2438,2676,2442,2660,2503,2712,2481,2161,1981,1341,1180,810,440,121,25,7
은평구,응암2동,27142,1077,1465,1538,1133,1074,1297,1781,2257,2931,2540,2281,1770,1566,1526,1059,820,584,317,102,20,4
은평구,응암3동,23196,278,370,558,637,1168,1952,1918,1347,1524,1429,1962,1853,2009,1907,1424,1203,961,501,153,37,5
은평구,역촌동,43953,692,1004,1445,1590,2190,3388,3513,2614,3325,3255,3893,3632,3707,3225,2372,1865,1354,666,185,32,6
은평구,신사1동,26030,429,636,783,944,1385,2029,2050,1662,1843,1801,2254,2193,2207,2074,1331,1118,784,370,113,20,4
은평구,신사2동,18710,320,455,608,691,927,1352,1505,1137,1347,1292,1573,1546,1606,1555,1099,736,544,296,97,18,6
은평구,증산동,15850,426,502,489,654,893,1066,1226,1058,1156,1058,1494,1262,1227,1165,824,611,441,221,54,20,3
은평구,수색동,21124,923,883,643,785,1181,1386,1891,1817,1688,1363,1930,1707,1503,1294,794,554,423,236,97,25,1
은평구,진관동,53503,1081,1986,3175,3617,3176,3383,3168,2874,3904,4675,5296,3996,3576,3366,2288,1739,1230,672,237,55,9
서대문구,소계,302853,7070,9337,10614,11097,20647,26175,24263,20558,22252,20559,25118,23404,22074,19677,13340,11075,8764,4913,1495,352,69
서대문구,천연동,16522,481,516,528,675,854,1036,1196,1169,1178,1158,1502,1370,1371,1086,768,641,528,338,104,20,3
서대문구,북아현동,15385,576,670,517,460,754,1128,1418,1390,1404,1052,1258,1218,1073,872,556,403,359,204,53,18,2
서대문구,충현동,19445,407,552,619,631,1036,1803,1952,1400,1482,1258,1534,1567,1495,1312,815,640,487,295,120,33,7
서대문구,신촌동,20266,241,182,381,516,3826,4638,2541,1196,1000,877,981,916,780,629,465,424,357,224,64,23,5
서대문구,연희동,33637,457,706,870,1114,3024,4384,3219,2131,2271,2079,2571,2337,2149,1958,1352,1210,1024,531,201,40,9
서대문구,홍제1동,24558,636,723,807,858,1351,1627,1875,1707,1782,1674,2240,2015,1967,1781,1236,945,772,407,117,34,4
서대문구,홍제3동,17447,423,525,491,572,963,1194,1237,1174,1202,1031,1511,1542,1376,1317,918,795,664,396,90,23,3
서대문구,홍제2동,12349,300,290,349,444,637,753,953,894,770,727,1080,1124,1165,981,605,546,414,232,69,13,3
서대문구,홍은1동,22034,543,656,689,791,1140,1374,1538,1443,1578,1463,1903,1926,1884,1755,1151,897,715,425,125,32,6
서대문구,홍은2동,28175,581,806,1009,1119,1846,2108,2111,1833,1944,1936,2479,2319,2261,2022,1285,1071,780,475,152,28,10
서대문구,남가좌1동,16671,656,1172,1170,745,748,752,945,1295,1799,1575,1330,1104,942,817,538,446,358,202,66,8,3
서대문구,남가좌2동,28798,859,1313,1290,1150,1993,1952,1926,2061,2457,2159,2448,2074,1804,1655,1250,1035,783,426,123,32,8
서대문구,북가좌1동,17408,443,620,968,925,877,927,1052,1074,1376,1513,1637,1340,1316,1108,754,638,485,266,73,13,3
서대문구,북가좌2동,30158,467,606,926,1097,1598,2499,2300,1791,2009,2057,2644,2552,2491,2384,1647,1384,1038,492,138,35,3
마포구,소계,361417,8255,11144,12520,13425,22478,34733,35765,28702,29048,26509,30393,25811,23022,19884,13279,11004,8716,4692,1631,359,47
마포구,아현동,29141,1354,1545,1163,971,1228,1824,2907,3013,2990,2202,2232,2018,1809,1471,870,620,500,293,102,25,4
마포구,공덕동,36133,813,932,982,1059,2026,3504,3715,2835,2619,2291,3095,2948,2796,2224,1405,1196,916,592,148,33,4
마포구,도화동,20505,566,640,721,699,992,1494,1875,1717,1544,1313,1662,1614,1623,1362,883,710,567,358,131,33,1
마포구,용강동,21269,638,1150,1242,960,829,1138,1592,1813,2176,2008,1842,1406,1246,1069,699,567,483,259,116,33,3
마포구,대흥동,14295,229,283,347,517,1543,2067,1455,989,975,919,1121,936,868,672,468,327,334,167,63,10,5
마포구,염리동,16836,466,785,972,765,987,1316,1422,1255,1636,1509,1429,1136,919,738,492,399,360,180,61,8,1
마포구,신수동,22161,612,784,767,1004,1494,1805,1702,1682,1779,1637,2133,1719,1402,1241,815,649,531,297,84,21,3
마포구,서강동,24432,616,877,829,806,2030,2644,2156,1887,1966,1692,2037,1734,1530,1195,818,657,523,307,108,20,-
마포구,서교동,23761,261,349,380,596,2086,3548,3276,2102,1834,1525,1719,1387,1239,1048,739,723,505,294,119,30,1
마포구,합정동,16029,266,290,300,396,839,1941,2172,1518,1258,1077,1149,1039,1025,896,613,523,422,200,75,28,2
마포구,망원1동,18751,290,400,459,523,989,1926,2130,1446,1533,1281,1485,1395,1288,1154,803,755,537,263,77,17,-
마포구,망원2동,17528,296,440,609,702,944,1505,1652,1221,1395,1362,1586,1297,1120,1119,785,654,528,223,72,15,3
마포구,연남동,14106,201,242,289,336,1005,1768,1802,1209,1074,949,1066,907,801,806,536,435,381,206,72,15,6
마포구,성산1동,18524,262,373,544,688,1105,1815,1964,1421,1432,1448,1710,1326,1210,1071,750,606,487,224,75,9,4
마포구,성산2동,38519,741,944,1291,1520,2455,4141,4047,2881,2636,2696,3185,2743,2414,2181,1535,1352,1042,485,186,36,8
마포구,상암동,29427,644,1110,1625,1883,1926,2297,1898,1713,2201,2600,2942,2206,1732,1637,1068,831,600,344,142,26,2
양천구,소계,430976,8463,15440,23303,23529,22502,27286,27680,24899,34310,36336,39371,34485,33198,29935,20375,14252,8905,4570,1690,382,65
양천구,목1동,30146,569,1787,2808,2291,1548,1277,1141,1553,3090,3357,3142,2004,1737,1458,968,677,438,205,76,16,4
양천구,목2동,28401,524,702,989,1189,1530,2525,2970,2114,2154,2004,2360,2224,2260,1932,1192,836,512,271,89,20,4
양천구,목3동,20934,479,522,521,714,1046,1911,2143,1581,1580,1312,1644,1691,1740,1570,981,706,414,256,100,20,3
양천구,목4동,24162,296,635,1213,1698,1642,1939,1587,1173,1556,2061,2682,2221,1727,1299,933,720,439,239,84,16,2
양천구,목5동,40624,719,2189,3849,3362,2100,1702,1519,1909,3917,4622,4027,2688,2457,2269,1432,898,473,297,147,43,5
양천구,신월1동,18934,241,346,504,570,777,1284,1301,1077,1247,1318,1613,1729,1998,1883,1236,909,572,235,62,28,4
양천구,신월2동,20561,499,666,831,879,985,1299,1374,1307,1579,1564,1643,1623,1660,1749,1216,880,476,224,86,16,5
양천구,신월3동,14039,280,307,427,457,621,915,1097,766,884,924,1168,1321,1385,1272,871,647,423,207,56,10,1
양천구,신월4동,17126,384,575,762,775,810,1018,980,1024,1345,1319,1439,1367,1456,1413,1004,702,440,204,94,11,4
양천구,신월5동,13887,246,390,528,597,667,1049,1108,839,970,1031,1134,1208,1248,1088,705,519,344,147,60,9,-
양천구,신월6동,13739,605,714,647,607,629,714,962,1243,1374,1000,1100,936,925,899,606,369,256,106,35,8,4
양천구,신월7동,18251,350,347,478,552,735,1185,1346,1109,1206,1140,1480,1637,1821,1729,1221,833,611,335,115,20,1
양천구,신정1동,19584,370,1056,1693,1265,981,962,833,921,1922,1982,1739,1436,1333,1104,816,556,318,187,85,23,2
양천구,신정2동,18576,266,719,1495,1393,1068,920,806,774,1519,1909,1877,1449,1331,1153,753,517,361,167,80,15,4
양천구,신정3동,48617,1179,1631,2246,2782,2938,2991,2999,2779,3427,3862,4798,4274,3737,3316,2242,1605,1054,513,190,47,7
양천구,신정4동,31419,423,599,836,1059,1799,2958,2952,1927,2181,2208,2710,2527,2459,2375,1789,1303,830,358,100,21,5
양천구,신정6동,23958,473,1245,1894,1685,1274,1223,1124,1321,2228,2332,2204,1892,1639,1363,923,547,283,201,83,20,4
양천구,신정7동,28018,560,1010,1582,1654,1352,1414,1438,1482,2131,2391,2611,2258,2285,2063,1487,1028,661,418,148,39,6
강서구,소계,556171,12403,16457,20183,20576,27891,47550,53947,42352,43837,40000,43362,39219,41148,39276,26829,19388,12318,6439,2330,580,86
강서구,염창동,41191,1450,1824,2297,2050,2126,2941,3862,3513,3738,3429,3484,2720,2528,2087,1329,885,517,289,99,20,3
강서구,등촌1동,24997,661,554,494,607,1274,3185,3954,2900,2045,1470,1620,1441,1369,1182,747,572,426,311,139,37,9
강서구,등촌2동,19177,395,482,653,734,1021,1598,1884,1455,1419,1269,1454,1485,1600,1402,979,665,388,200,72,18,4
강서구,등촌3동,29018,653,715,734,812,1192,1820,2504,2103,1952,1637,1992,2201,2827,2823,1822,1282,963,642,261,73,10
강서구,화곡1동,49795,779,998,1015,1152,2525,5873,5977,3981,3748,3265,3612,3534,3653,3548,2502,1828,1103,498,162,34,8
강서구,화곡2동,16843,274,465,589,619,869,1390,1456,1136,1373,1276,1489,1316,1333,1181,834,622,391,169,45,14,2
강서구,화곡3동,20744,344,542,767,791,1061,1757,1693,1272,1496,1492,1623,1509,1609,1792,1207,904,541,234,93,16,1
강서구,화곡4동,19204,300,406,561,604,858,1444,1509,1281,1517,1382,1640,1587,1707,1572,1123,836,529,253,79,15,1
강서구,화곡본동,32186,468,763,1014,1057,1699,3472,3617,2357,2540,2307,2510,2321,2300,2162,1442,1054,664,297,109,25,8
강서구,화곡6동,25663,694,667,611,752,1342,2839,2874,2173,1848,1648,1813,1800,1934,1822,1210,806,475,232,95,23,5
강서구,화곡8동,22750,315,464,601,715,1155,2104,2166,1455,1733,1675,1864,1743,1806,1733,1261,987,628,254,74,16,1
강서구,가양1동,33659,667,603,726,873,2095,5431,5774,3383,2486,1866,2117,1911,1898,1701,883,593,354,208,67,18,5
강서구,가양2동,13185,205,212,185,193,380,821,1207,995,775,549,652,865,1381,1667,1207,813,558,346,138,34,2
강서구,가양3동,13713,390,188,142,211,401,771,1552,1290,1002,724,833,926,1196,1371,1062,753,524,270,77,29,1
강서구,발산1동,35157,827,1345,2334,2362,2190,1966,1907,1894,2753,3320,3513,2634,2345,2088,1354,1118,677,352,143,30,5
강서구,우장산동,43428,968,1905,2651,2734,2561,2497,2571,2573,3764,4186,4161,3078,2771,2564,1904,1339,739,318,115,24,5
강서구,공항동,29463,921,1654,1404,964,1350,2244,2489,2364,2972,2223,2222,1914,1980,1726,1170,853,587,280,105,38,3
강서구,방화1동,41479,1152,1699,2232,2014,2004,2373,2905,2888,3479,3390,3511,2926,3190,2908,1967,1383,807,449,154,41,7
강서구,방화2동,22848,436,477,587,640,1020,1921,2279,1764,1529,1436,1635,1706,1870,1931,1343,1021,699,391,128,32,3
강서구,방화3동,21671,504,494,586,692,768,1103,1767,1575,1668,1456,1617,1602,1851,2016,1483,1074,748,446,175,43,3
구로구,소계,388169,9578,11488,13591,13932,18719,29589,32927,28061,29300,27158,31507,29869,30423,28498,20545,15650,10346,5024,1536,375,53
구로구,신도림동,36001,1223,1636,1916,1692,1754,2343,2819,3055,3389,3032,3019,2430,2237,2006,1437,1006,568,311,98,26,4
구로구,구로1동,20398,698,784,934,931,938,1389,1909,1718,1795,1614,1662,1364,1367,1431,804,501,301,172,68,17,1
구로구,구로2동,22133,286,319,505,613,919,1727,1670,1102,1225,1327,1971,2165,2213,1991,1417,1241,897,403,118,21,3
구로구,구로3동,22960,420,448,630,639,1275,2881,2581,2010,1929,1708,1761,1398,1401,1300,960,754,498,263,82,22,-
구로구,구로4동,18203,249,260,357,486,810,1456,1608,1158,1112,1116,1481,1519,1680,1495,1218,981,712,396,90,16,3
구로구,구로5동,28993,754,702,610,723,1506,3210,3332,2465,2122,1692,2168,2142,2176,1814,1321,1083,697,341,104,29,2
구로구,가리봉동,8737,76,92,103,123,363,1177,1012,530,431,421,677,820,832,761,484,393,229,155,45,10,3
구로구,고척1동,26480,906,802,828,993,1395,1760,2683,2439,1958,1679,2073,1947,1918,1813,1330,935,616,283,93,25,4
구로구,고척2동,25420,489,704,928,1017,1305,1638,1667,1361,1602,1772,2369,2316,2229,2060,1463,1141,818,411,100,25,5
구로구,개봉1동,33088,1013,872,1010,1073,1525,2225,2721,2436,2377,2148,2653,2717,2886,2649,1873,1407,913,410,141,32,7
구로구,개봉2동,29197,678,866,902,1033,1386,1709,1906,1900,2204,1998,2387,2334,2456,2564,1939,1489,901,397,119,26,3
구로구,개봉3동,19304,317,477,568,655,843,1203,1322,1143,1337,1361,1635,1727,1790,1733,1313,903,592,283,86,14,2
구로구,오류1동,22577,478,461,472,588,1323,2604,2673,1859,1563,1392,1575,1475,1558,1534,1132,859,607,307,86,26,5
구로구,오류2동,36108,728,1112,2024,1775,1730,2172,2346,1961,2701,2876,3144,2790,2705,2602,1928,1660,1118,490,186,54,6
구로구,수궁동,22399,482,527,801,963,1085,1384,1557,1310,1541,1662,1905,1837,2050,1928,1326,950,685,289,88,25,4
구로구,항동,16171,781,1426,1003,628,562,711,1121,1614,2014,1360,1027,888,925,817,600,347,194,113,32,7,1
금천구,소계,225159,4099,4927,5885,6540,10779,22791,23016,15502,14607,13728,17575,18826,19847,17033,11508,8644,5890,2860,899,168,35
금천구,가산동,24875,293,238,237,347,1531,5310,4595,2317,1651,1172,1361,1316,1428,1172,749,585,347,159,51,11,5
금천구,독산1동,47155,1415,1327,1259,1076,2357,6004,6446,4274,3695,2845,3186,3118,3238,2549,1655,1254,890,410,129,25,3
금천구,독산2동,17489,246,376,438,523,757,1444,1457,1023,1030,1041,1455,1805,1814,1523,1046,725,467,227,72,15,5
금천구,독산3동,22986,317,389,462,582,1013,2208,2222,1472,1323,1302,1863,2142,2344,1996,1317,928,653,320,102,28,3
금천구,독산4동,14153,180,233,341,423,614,1090,1191,782,808,824,1195,1546,1598,1249,853,625,393,152,45,11,-
금천구,시흥1동,31714,528,727,917,1051,1461,2642,2763,2116,2058,2103,2632,2724,2887,2465,1687,1358,937,454,170,28,6
금천구,시흥2동,20221,460,667,917,975,988,1028,1133,1062,1361,1514,1815,1721,1807,1757,1097,870,618,317,94,15,5
금천구,시흥3동,10154,131,231,287,304,438,702,720,596,592,631,873,942,1021,966,705,461,342,168,36,8,-
금천구,시흥4동,18762,262,388,545,656,826,1211,1276,1002,1084,1193,1607,1868,1985,1781,1219,893,574,292,86,10,4
금천구,시흥5동,17650,267,351,482,603,794,1152,1213,858,1005,1103,1588,1644,1725,1575,1180,945,669,361,114,17,4
영등포구,소계,373773,9834,10954,11209,11355,18292,37086,41507,31376,28352,24481,27995,26751,26013,23433,16273,12808,9080,4988,1609,317,60
영등포구,영등포본동,20480,513,575,518,528,977,1574,1754,1517,1468,1294,1643,1760,1769,1637,1108,828,588,317,91,17,4
영등포구,영등포동,31272,552,463,393,422,1686,6283,6044,3221,2101,1516,1687,1644,1536,1407,917,616,434,226,92,29,3
영등포구,여의동,33905,961,1324,1536,1400,1572,2020,2607,2477,2810,2577,2796,2604,2393,2089,1494,1306,963,671,246,49,10
영등포구,당산1동,21187,532,409,436,462,1025,2511,3189,2006,1500,1234,1411,1381,1335,1315,900,687,478,264,94,18,-
영등포구,당산2동,36425,1045,1198,1140,1118,1949,4513,4831,3462,2906,2311,2408,2239,2080,1817,1258,960,646,396,118,23,7
영등포구,도림동,17624,399,355,383,398,834,1683,1988,1433,1248,1084,1473,1369,1392,1184,858,668,513,276,70,12,4
영등포구,문래동,31512,1147,1487,1554,1428,1434,1904,2631,2834,3067,2716,2503,1998,1726,1671,1273,937,672,367,129,29,5
영등포구,양평1동,18202,581,508,507,493,865,2104,2517,2049,1549,1338,1223,987,911,810,631,497,369,201,49,12,1
영등포구,양평2동,22712,768,648,638,696,1220,2505,3207,2431,1836,1456,1587,1481,1290,1107,663,526,374,201,68,8,2
영등포구,신길1동,19089,283,354,368,483,1049,2388,2221,1412,1188,1169,1481,1417,1441,1279,829,745,550,299,109,21,3
영등포구,신길3동,15950,405,546,521,510,679,1137,1324,1089,1200,1059,1267,1353,1339,1277,834,639,490,203,61,12,5
영등포구,신길4동,11931,308,383,390,386,504,801,937,855,894,853,966,982,1028,978,592,506,330,168,54,13,3
영등포구,신길5동,9638,253,347,348,363,406,575,684,593,751,666,795,803,837,786,563,402,278,135,44,9,-
영등포구,신길6동,17921,442,414,460,558,935,1975,2016,1334,1158,1037,1332,1312,1357,1248,884,669,439,248,90,11,2
영등포구,신길7동,19637,746,1048,1018,802,974,1288,1584,1771,1879,1436,1547,1364,1261,1101,687,510,355,192,67,6,1
영등포구,대림1동,13505,291,318,300,426,649,1079,1026,762,860,840,1146,1135,1244,1034,885,678,494,249,67,20,2
영등포구,대림2동,11619,130,160,221,254,540,1184,1178,730,652,666,923,998,999,853,697,683,463,218,58,8,4
영등포구,대림3동,21164,478,417,478,628,994,1562,1769,1400,1285,1229,1807,1924,2075,1840,1200,951,644,357,102,20,4
동작구,소계,375799,8083,10542,12165,13025,24757,37353,34494,26307,27033,25638,29729,27373,26517,24326,17232,14154,9874,5056,1686,390,65
동작구,노량진1동,32644,722,738,863,903,2084,3853,3574,2613,2222,1881,2238,2252,2304,2155,1469,1165,900,487,189,28,4
동작구,노량진2동,8060,53,72,106,138,470,1185,1011,572,469,412,548,543,683,592,455,335,229,136,41,8,2
동작구,상도1동,43904,801,1149,1305,1675,5435,4945,3258,2477,2721,2759,3353,3198,2862,2675,1812,1566,1056,610,193,47,7
동작구,상도2동,27250,856,1110,1096,926,1577,2310,2162,2160,2320,2071,2114,1973,1786,1647,1093,902,614,370,130,24,9
동작구,상도3동,23641,325,423,615,725,1394,2522,2316,1595,1523,1542,1898,1845,1831,1685,1171,992,773,349,91,21,5
동작구,상도4동,28913,563,661,808,933,1520,2699,2776,2147,2121,1915,2315,2265,2267,2024,1396,1165,797,392,120,25,4
동작구,흑석동,30087,895,1291,1176,1035,2104,2243,2147,1998,2434,2165,2568,2390,2192,1747,1256,1021,787,427,166,43,2
동작구,사당1동,22350,259,285,358,410,1375,3564,3163,1776,1472,1282,1400,1356,1508,1421,1066,842,511,215,68,16,3
동작구,사당2동,27866,714,860,827,891,1352,2000,2380,2013,2091,1964,2341,2140,2027,2047,1500,1286,867,387,142,30,7
동작구,사당3동,23435,647,945,842,715,1097,1705,1879,1776,1936,1579,1788,1659,1766,1714,1260,1061,677,276,92,19,2
동작구,사당4동,13698,236,265,267,383,704,1563,1440,938,924,882,1011,984,1046,1011,724,642,395,203,56,22,2
동작구,사당5동,14063,425,387,416,464,739,1159,1394,1177,1061,1034,1107,1034,1041,883,668,500,328,163,62,17,4
동작구,대방동,34969,515,920,1645,1836,2351,3403,2987,2057,2482,2799,3187,2524,2204,2001,1440,1144,802,465,156,44,7
동작구,신대방1동,23081,494,704,999,1109,1334,1917,1790,1394,1617,1789,2062,1757,1686,1559,1058,800,592,298,94,26,2
동작구,신대방2동,21838,578,732,842,882,1221,2285,2217,1614,1640,1564,1799,1453,1314,1165,864,733,546,278,86,20,5
관악구,소계,477812,6591,8432,10778,13318,34048,69807,57513,33299,30718,28482,33697,31527,31464,29105,21507,17469,12378,5646,1627,356,50
관악구,보라매동,23337,308,476,571,665,1315,2911,2517,1610,1555,1425,1666,1611,1667,1687,1172,1015,696,334,100,33,3
관악구,청림동,14547,511,486,485,529,685,904,1238,1129,1151,1023,1226,1074,1075,961,720,557,431,257,88,15,2
관악구,성현동,27922,595,872,1222,1295,1532,1930,1895,1582,2046,2204,2561,2204,2013,1953,1437,1176,868,404,113,15,5
관악구,행운동,28683,356,438,527,701,2210,5082,4054,2150,1781,1564,1771,1611,1669,1562,1146,1026,667,272,80,14,2
관악구,낙성대동,17403,240,251,317,445,1956,3761,2795,1327,958,802,907,786,705,678,516,404,342,159,42,10,2
관악구,청룡동,35865,481,506,541,856,3779,7734,5165,2466,1968,1685,2088,1794,1745,1629,1241,1071,702,293,97,21,3
관악구,은천동,31863,586,827,1123,1274,1767,3177,2981,2113,2197,2290,2515,2257,2276,2083,1639,1294,923,396,114,28,3
관악구,중앙동,15151,141,158,215,303,1326,3078,2278,1031,887,705,823,814,833,780,628,509,412,174,49,6,1
관악구,인헌동,25009,314,411,530,705,1736,3822,3283,1730,1588,1487,1754,1661,1566,1430,1111,861,649,291,64,14,2
관악구,남현동,17507,322,343,327,361,1008,2556,2366,1444,1163,924,1145,1181,1177,1089,788,624,443,169,62,13,2
관악구,서원동,22958,235,219,305,432,1768,4479,3636,1670,1390,1215,1326,1326,1329,1178,879,733,529,241,54,13,1
관악구,신원동,17376,140,192,283,380,1154,2806,2309,1195,1036,945,1173,1159,1103,1091,816,708,570,234,67,12,3
관악구,서림동,23209,216,337,385,518,1811,3577,3042,1820,1672,1374,1558,1466,1476,1319,1018,730,529,263,68,25,5
관악구,신사동,22171,175,296,357,533,1727,4141,2923,1390,1247,1188,1470,1474,1429,1224,941,758,579,234,72,11,2
관악구,신림동,22969,108,116,119,275,2395,6229,4548,2044,1446,1021,977,824,784,684,507,426,290,135,33,7,1
관악구,난향동,14618,295,458,668,692,779,766,794,793,1111,1253,1514,1249,1167,1043,776,608,400,182,57,12,1
관악구,조원동,19605,382,299,350,425,1222,3018,2851,1689,1295,1073,1183,1197,1298,1148,842,624,424,208,57,16,4
관악구,대학동,24378,234,258,378,490,2278,4144,3173,1971,1729,1555,1770,1528,1405,1222,800,648,460,254,70,9,2
관악구,삼성동,19518,224,320,477,595,819,1132,1155,996,1113,1217,1747,1808,1954,2002,1366,1183,830,414,133,31,2
관악구,미성동,28924,432,721,927,1031,1567,2500,2400,1758,1873,1943,2423,2304,2434,2319,1704,1279,818,369,95,25,2
관악구,난곡동,24799,296,448,671,813,1214,2060,2110,1391,1512,1589,2100,2199,2359,2023,1460,1235,816,363,112,26,2
서초구,소계,408376,10139,16495,22797,21992,21740,27233,29429,27687,34886,35995,37500,28902,24975,23551,16905,13493,8443,4221,1532,399,62
서초구,서초1동,20178,441,615,877,929,1122,1511,1748,1525,1769,1695,1844,1421,1243,1171,861,679,400,214,84,26,3
서초구,서초2동,24702,805,1136,1242,1088,1156,2085,2609,2227,2390,2192,1974,1324,1189,1078,843,673,425,166,73,23,4
서초구,서초3동,31961,617,783,1095,1559,2151,3017,3065,2310,2244,2415,2905,2314,2030,1798,1305,1113,715,349,134,33,9
서초구,서초4동,30253,693,1623,2229,1896,1779,1622,1479,1608,2770,2940,3006,2289,1680,1517,1133,924,618,320,102,24,1
서초구,잠원동,26740,637,1084,1700,1611,1524,1691,1681,1708,2271,2473,2731,2198,1641,1400,923,674,417,246,105,18,7
서초구,반포본동,226,4,14,14,11,10,19,8,8,15,29,26,18,15,12,9,9,2,3,-,-,-
서초구,반포1동,33690,821,1937,2306,1878,1600,2230,2317,2523,3644,3483,2909,1988,1566,1586,1137,853,552,238,96,21,5
서초구,반포2동,26446,944,1578,2226,1936,1429,1099,1069,1468,2458,2719,2740,1693,1264,1238,912,838,505,236,65,26,3
서초구,반포3동,23940,672,1102,1607,1681,1454,1167,1244,1329,1911,2411,2637,1835,1327,1204,835,718,465,239,78,20,4
서초구,반포4동,18407,512,887,991,1089,942,1045,1017,1254,1625,1613,1761,1335,1091,1153,815,615,358,195,82,24,3
서초구,방배본동,20080,325,781,1303,1320,1195,1203,1197,1034,1590,1868,2013,1519,1304,1131,794,643,450,286,95,24,5
서초구,방배1동,16443,328,560,607,660,909,1204,1393,1263,1366,1293,1403,1110,1057,1039,826,671,465,197,65,26,1
서초구,방배2동,17870,399,478,672,808,904,1322,1467,1212,1297,1332,1495,1344,1308,1339,918,774,492,207,86,11,5
서초구,방배3동,15668,411,599,755,905,840,891,884,929,1192,1301,1426,1174,1144,1162,832,589,355,189,65,23,2
서초구,방배4동,22697,422,753,1271,1320,1240,1494,1751,1447,1835,2080,2165,1632,1391,1223,889,798,560,308,96,20,2
서초구,양재1동,41170,1110,1375,2186,2008,1916,2630,3040,2888,3255,3277,3428,2999,2991,2927,2076,1532,857,438,187,45,5
서초구,양재2동,21042,429,492,653,700,956,2100,2399,1777,1736,1533,1775,1544,1500,1298,881,646,402,162,43,15,1
서초구,내곡동,16863,569,698,1063,593,613,903,1061,1177,1518,1341,1262,1165,1234,1275,916,744,405,228,76,20,2
강남구,소계,557345,12273,20887,32396,31131,28418,37886,42889,38402,49268,51624,50016,37899,32965,31274,23259,18050,10828,5271,1970,556,83
강남구,신사동,15268,328,490,672,772,838,1012,1056,942,1148,1261,1475,1151,930,866,733,693,497,268,104,30,2
강남구,논현1동,20780,245,256,366,466,1017,2618,3003,2173,1991,1596,1527,1278,1098,1029,777,616,420,200,82,17,5
강남구,논현2동,20196,360,444,551,634,1018,1950,2237,1835,1922,1697,1739,1311,1199,997,798,721,486,192,82,17,6
강남구,압구정동,25556,667,1083,1350,1312,1299,1397,1361,1443,2013,2183,2349,1918,1668,1529,1308,1210,825,441,157,37,6
강남구,청담동,24000,592,950,1084,1041,1355,1623,1799,1747,2192,2097,2077,1827,1563,1408,982,798,521,230,93,14,7
강남구,삼성1동,11933,263,368,473,610,628,818,914,795,895,979,1057,919,871,770,605,471,296,145,45,11,-
강남구,삼성2동,30509,698,1139,1777,1754,1629,2127,2401,2313,2837,3149,3042,2093,1419,1227,1009,898,637,251,82,23,4
강남구,대치1동,23938,294,1234,2833,2597,1310,869,578,705,2131,3251,2670,1489,1107,1016,786,559,288,151,52,17,1
강남구,대치2동,38311,620,1625,3541,3380,2024,1658,1629,1677,3212,4368,4006,2541,2239,2123,1631,1129,548,231,101,23,5
강남구,대치4동,18272,181,339,812,1294,1302,1564,1740,1319,1480,1771,2027,1314,899,729,503,481,337,134,40,5,1
강남구,역삼1동,34216,422,370,516,724,1676,4856,5817,3906,3492,2560,2448,1866,1625,1410,909,774,514,234,73,22,2
강남구,역삼2동,36216,535,1448,3051,2784,1925,2394,2389,2060,3700,4423,4055,2140,1345,1187,1002,906,542,240,75,15,-
강남구,도곡1동,20583,465,904,1299,1141,1069,1297,1404,1367,1857,1833,1833,1464,1308,1257,830,644,340,194,59,18,-
강남구,도곡2동,32252,687,1645,2410,2229,1785,1604,1419,1595,2787,3195,3153,2365,1926,1719,1395,1138,672,357,129,39,3
강남구,개포1동,26341,826,1571,2031,1393,1189,1215,1457,1634,2418,2623,2243,1826,1728,1619,1182,762,380,158,58,23,5
강남구,개포2동,42395,1575,2059,2716,2541,2255,2220,3142,3151,3787,3838,3788,3000,2521,2285,1605,1073,509,204,81,41,4
강남구,개포3동,16700,384,594,819,808,713,870,1281,1152,1419,1450,1327,1059,1069,1258,1056,754,403,187,73,18,6
강남구,개포4동,23123,672,793,985,1099,1127,1670,1828,1777,1889,1835,2017,1879,1722,1505,978,689,378,189,64,25,2
강남구,세곡동,46260,1421,1949,2763,2259,2145,3293,4063,3598,4158,3732,3397,2917,2784,2706,1852,1434,914,574,232,59,10
강남구,일원본동,22592,516,1133,1742,1494,1075,1064,1144,1421,2124,2131,2009,1547,1435,1561,1010,562,321,158,107,34,4
강남구,일원1동,14285,247,290,410,509,660,1151,1246,932,984,963,1001,1037,1197,1297,923,707,423,211,66,28,3
강남구,수서동,13619,275,203,195,290,379,616,981,860,832,689,776,958,1312,1776,1385,1031,577,322,115,40,7
송파구,소계,650110,16611,24529,29110,27740,32018,49024,56305,49589,55343,49386,52496,47508,46494,43121,29172,20379,12245,6062,2288,603,87
송파구,풍납1동,11277,254,237,275,360,486,693,797,763,791,717,910,953,1110,1088,735,516,360,178,44,9,1
송파구,풍납2동,23050,649,808,926,868,1206,1831,1849,1775,1885,1677,1878,1652,1616,1676,1080,817,500,236,96,21,4
송파구,거여1동,11821,199,247,358,415,610,901,943,718,758,750,1081,1048,1087,938,662,538,332,165,51,19,1
송파구,거여2동,23319,739,911,839,841,1107,1253,1682,1788,1852,1618,1994,1971,1862,1779,1162,939,584,267,101,25,5
송파구,마천1동,16162,213,352,566,627,795,921,982,805,964,1032,1510,1519,1599,1502,1018,805,586,271,79,14,2
송파구,마천2동,17260,224,289,439,554,801,1079,1090,867,1022,1120,1507,1706,1875,1688,1152,829,607,289,92,26,4
송파구,방이1동,14999,273,557,708,719,873,1089,1138,1035,1144,1177,1330,1164,1159,1002,698,426,271,152,62,18,4
송파구,방이2동,26121,398,431,447,587,1270,3727,4100,2605,2052,1527,1683,1660,1616,1487,1048,723,462,197,84,13,4
송파구,오륜동,17575,305,790,1289,1164,939,850,793,842,1395,1595,1469,1400,1347,1309,986,589,284,127,78,23,1
송파구,오금동,37913,884,1305,1392,1587,1933,2563,2765,2523,2760,2565,3262,3347,3311,3014,1946,1294,763,436,216,42,5
송파구,송파1동,23101,421,436,510,603,1076,2726,3322,2206,1766,1434,1556,1569,1579,1434,1057,666,435,205,80,19,1
송파구,송파2동,18564,431,748,915,851,969,1278,1386,1347,1576,1395,1484,1396,1447,1347,890,546,315,157,69,16,1
송파구,석촌동,30392,534,551,700,814,1453,3314,4084,2873,2459,1992,2219,2085,2140,1949,1302,955,585,272,88,21,2
송파구,삼전동,28703,463,503,809,891,1318,3211,3760,2667,2344,2107,2235,1879,1939,1747,1166,810,523,230,70,26,5
송파구,가락본동,24777,630,640,704,836,1215,2105,2412,2045,1882,1579,1968,2113,2131,1877,1070,749,447,253,97,21,3
송파구,가락1동,27348,1271,1649,1679,1208,1059,1291,2021,2450,2955,2210,1875,1665,1857,1727,1166,728,343,139,39,13,3
송파구,가락2동,30763,725,1210,1579,1541,1618,2195,2422,2200,2547,2383,2684,2351,2266,2104,1253,803,483,265,101,29,4
송파구,문정1동,19691,460,552,641,682,1037,1920,2009,1483,1446,1202,1518,1489,1665,1452,964,570,338,172,71,18,2
송파구,문정2동,28737,621,718,739,713,1133,3293,4380,3017,2764,1799,1794,1631,1566,1572,1173,877,475,318,121,29,4
송파구,장지동,30596,1060,1077,1146,1312,1558,1981,2649,2498,2423,2221,2458,2407,2399,2084,1408,903,578,281,117,30,6
송파구,위례동,45048,2385,3637,3565,2840,2086,2081,2755,3853,5107,4264,3525,2602,2165,1775,1016,695,378,200,81,33,5
송파구,잠실본동,27524,381,488,637,781,1394,3392,3874,2521,2208,1893,2062,1803,1803,1682,1048,784,452,240,61,16,4
송파구,잠실2동,34823,920,2257,3181,2610,1976,1414,1245,1896,3888,4070,3546,2200,1518,1413,1081,818,504,204,63,18,1
송파구,잠실3동,33769,796,1616,2134,2021,1792,1592,1530,1905,2980,3038,3084,2457,2260,2304,1813,1335,675,278,114,42,3
송파구,잠실4동,21028,724,1404,1637,1053,944,931,902,1432,2307,2031,1763,1413,1248,1196,880,597,325,173,47,19,2
송파구,잠실6동,16376,443,795,903,792,825,862,907,1030,1459,1350,1309,1228,1193,1251,807,578,351,185,82,22,4
송파구,잠실7동,9373,208,321,392,470,545,531,508,445,609,640,792,800,736,724,591,489,289,172,84,21,6
강동구,소계,476942,13137,17932,20943,19891,22583,33645,38111,34806,40334,36445,37920,34996,36512,34129,23008,16145,9632,4557,1668,467,81
강동구,강일동,34605,1378,1752,1730,1966,1665,1760,1938,2476,2983,2677,2737,2406,2515,2541,1646,1146,692,381,174,36,6
강동구,상일1동,39239,1492,2763,2918,2153,1583,1635,2095,2901,4285,3732,3059,2426,2638,2403,1509,898,453,193,69,29,5
강동구,상일2동,13535,605,657,796,871,785,847,903,962,1107,1047,1078,972,754,682,551,400,285,152,55,22,4
강동구,명일1동,24830,885,1016,1124,1161,1209,1357,1712,1881,2192,1893,2088,1760,1783,1891,1239,846,463,221,76,27,6
강동구,명일2동,16843,277,631,1219,1125,970,1014,948,862,1384,1518,1510,1137,1177,1265,861,511,226,123,60,22,3
강동구,고덕1동,23818,503,1440,2358,1725,988,918,932,1357,2565,2701,2065,1395,1465,1407,877,521,316,166,89,28,2
강동구,고덕2동,25325,1019,1601,1635,1227,994,1287,1618,2153,2778,2172,1962,1623,1607,1477,974,611,334,166,69,17,1
강동구,암사1동,33194,652,913,1070,1191,1590,2457,2628,2196,2518,2363,2820,2870,2820,2602,1778,1322,821,398,147,35,3
강동구,암사2동,14572,535,511,490,461,631,1003,1342,1319,1242,1004,1141,1048,1086,968,669,533,368,156,54,9,2
강동구,암사3동,17087,478,945,1106,880,801,885,866,1165,1565,1484,1356,1251,1184,1174,873,518,332,151,47,17,9
강동구,천호1동,25555,474,509,724,747,1147,1926,2177,1661,1751,1799,2115,2096,2383,2208,1555,1154,700,306,93,28,2
강동구,천호2동,34307,697,748,751,894,1478,3270,3832,2650,2664,2266,2586,2748,2883,2449,1711,1313,846,375,108,33,5
강동구,천호3동,26163,529,478,481,570,1311,3030,3129,2056,1887,1580,1901,1844,2117,1965,1256,984,630,277,109,22,7
강동구,성내1동,19095,523,654,716,804,991,1364,1601,1392,1582,1533,1566,1382,1470,1256,917,705,372,182,64,18,3
강동구,성내2동,23833,410,404,498,523,1180,2714,2834,1813,1673,1435,1707,1715,1938,1774,1240,968,592,304,84,25,2
강동구,성내3동,21777,372,512,596,791,1248,1782,1884,1412,1575,1617,1841,1824,1845,1635,1107,873,536,235,72,16,4
강동구,길동,47553,1051,1145,1327,1426,2316,4054,4462,3577,3648,3166,3725,3796,3997,3795,2516,1777,1061,476,178,49,11
강동구,둔촌1동,10917,522,465,511,457,445,615,1161,1105,1028,792,723,764,767,739,445,229,89,36,16,6,2
강동구,둔촌2동,24694,735,788,893,919,1251,1727,2049,1868,1907,1666,1940,1939,2083,1898,1284,836,516,259,104,28,4
